{"cameraMode":{"drawMode":0,"name":"Shaded","section":"Shading Mode"},"sceneLighting":true,"audioPlay":false,"sceneViewState":{"showFog":true,"showMaterialUpdate":false,"showSkybox":true,"showFlares":true,"showImageEffects":true,"showParticleSystems":true},"in2DMode":false,"pivot":{"x":26.3700008392334,"y":-6.030816555023193,"z":-7.5997114181518559},"rotation":{"x":-0.04635823145508766,"y":0.9525877237319946,"z":-0.18845917284488679,"w":-0.2343304455280304},"size":139.27603149414063,"orthographic":false}