{"cameraMode":{"drawMode":0,"name":"Shaded","section":"Shading Mode"},"sceneLighting":true,"audioPlay":false,"sceneViewState":{"showFog":true,"showMaterialUpdate":false,"showSkybox":true,"showFlares":true,"showImageEffects":true,"showParticleSystems":true},"in2DMode":false,"pivot":{"x":18.08608627319336,"y":-0.4590113162994385,"z":-13.42822265625},"rotation":{"x":0.003778474172577262,"y":0.9957724213600159,"z":-0.07814420014619827,"w":0.04813043400645256},"size":21.630311965942384,"orthographic":false}